,Model,Precision,Recall,F-score
6,Gaussian Naive Bayes Classifier,0.6785714285714286,0.6785714285714286,0.6785714285714286
5,Random Forest Classifier,0.7,0.7857142857142857,0.6493506493506493
7,MLP Classifier,0.3888888888888889,0.5,0.43750000000000006
0,Gradient Boosting Classifier,0.475,0.4642857142857143,0.4155844155844156
1,Decision Tree Classifier,0.475,0.4642857142857143,0.4155844155844156
4,K-Nearest-Neighbors Classifier,0.41666666666666663,0.39285714285714285,0.325
2,Logistic Regression Classifier,0.1111111111111111,0.5,0.1818181818181818
3,Support Vector Classifier,0.1111111111111111,0.5,0.1818181818181818
